{
  "execution_id": "buy_20260606_003558",
  "step": 8,
  "completed_at": "2026-06-06T00:41:19.982250",
  "duration_ms": 15,
  "data": {
    "MRVL": 2213.08132672536,
    "MU": 14532.056921275751
  }
}