{
  "execution_id": "buy_20260528_033829",
  "step": 4,
  "completed_at": "2026-05-28T03:38:34.594470",
  "duration_ms": 0,
  "data": {
    "DASH": 24.0,
    "MU": 73.60000000000001,
    "NVDA": 44.0,
    "AMD": 61.6
  }
}