{
  "execution_id": "buy_20260528_033829",
  "step": 8,
  "completed_at": "2026-05-28T03:40:03.472523",
  "duration_ms": 0,
  "data": {
    "MU": 2570.7548437500013,
    "AMD": 1100.815625000002
  }
}