{
  "execution_id": "buy_20260530_000200",
  "step": 4,
  "completed_at": "2026-05-30T00:02:20.493829",
  "duration_ms": 0,
  "data": {
    "DASH": 24.0,
    "MU": 61.6,
    "TSLA": 56.00000000000001,
    "AMD": 61.6
  }
}