{
  "execution_id": "buy_20260530_000200",
  "step": 8,
  "completed_at": "2026-05-30T00:15:27.576310",
  "duration_ms": 0,
  "data": {
    "DASH": 1074.485699301263,
    "MU": 265.0083749999985,
    "TSLA": 455.9725000000012,
    "AMD": 1484.063124999999
  }
}