{
  "execution_id": "buy_20260522_234148",
  "step": 8,
  "completed_at": "2026-05-22T23:42:21.425263",
  "duration_ms": 0,
  "data": {
    "MU": 0.0,
    "AMD": -426.2187499999998,
    "TSLA": 718.7663378758998
  }
}