{
  "execution_id": "buy_e692c50f",
  "step": 4,
  "completed_at": "2026-05-28T03:28:27.529620",
  "duration_ms": 30,
  "data": {
    "DASH": 24.0,
    "MU": 73.60000000000001,
    "NVDA": 44.0,
    "AMD": 61.6
  }
}