{
  "execution_id": "buy_20260527_234916",
  "step": 4,
  "completed_at": "2026-05-27T23:49:27.511248",
  "duration_ms": 0,
  "data": {
    "DASH": 24.0,
    "MU": 73.60000000000001,
    "NVDA": 44.0,
    "AMD": 61.6
  }
}