{
  "execution_id": "buy_20260603_171155",
  "step": 4,
  "completed_at": "2026-06-03T17:12:22.658852",
  "duration_ms": 7516,
  "data": {
    "CTRA": 38.4,
    "MRVL": 58.6,
    "AMD": 44.0,
    "DGII": 48.0,
    "VICR": 42.4,
    "ALAB": 19.599999999999998,
    "CRDO": 62.0,
    "GOOGL": 39.4
  }
}