{
  "execution_id": "buy_20260603_171155",
  "step": 8,
  "completed_at": "2026-06-03T17:16:03.030740",
  "duration_ms": 0,
  "data": {
    "CTRA": 659.6321539197155,
    "MRVL": 2188.672406979981,
    "AMD": 3525.543922277561,
    "DGII": 384.8793853722469,
    "VICR": 1575.9004554439584,
    "ALAB": 1952.239072037794,
    "CRDO": 1331.5949653157968,
    "GOOGL": 1661.4395787313438
  }
}