{
  "execution_id": "buy_1fe12204",
  "step": 4,
  "completed_at": "2026-05-28T03:32:04.598230",
  "duration_ms": 0,
  "data": {
    "DASH": 24.0,
    "MU": 73.60000000000001,
    "NVDA": 44.0,
    "AMD": 61.6
  }
}