{
  "execution_id": "buy_20260523_075232",
  "step": 8,
  "completed_at": "2026-05-23T07:54:24.815633",
  "duration_ms": 0,
  "data": {
    "MU": 0.0,
    "AMD": -426.2187499999998,
    "TSLA": 779.6091890241366
  }
}