{
  "execution_id": "buy_20260528_180743",
  "step": 8,
  "completed_at": "2026-05-28T18:14:14.468520",
  "duration_ms": 0,
  "data": {
    "DASH": 950.6158,
    "MU": 1236.440000000001,
    "TSLA": 457.5143124999996,
    "AMD": 803.5106250000027
  }
}