{
  "execution_id": "buy_20260528_180743",
  "step": 4,
  "completed_at": "2026-05-28T18:08:10.642500",
  "duration_ms": 0,
  "data": {
    "DASH": 24.0,
    "MU": 73.60000000000001,
    "TSLA": 56.00000000000001,
    "AMD": 61.6
  }
}