{
  "execution_id": "buy_135192b6",
  "step": 4,
  "completed_at": "2026-05-28T03:28:27.823847",
  "duration_ms": 297,
  "data": {
    "DASH": 24.0,
    "MU": 73.60000000000001,
    "NVDA": 44.0,
    "AMD": 61.6
  }
}