{
  "execution_id": "buy_20260527_234801",
  "step": 4,
  "completed_at": "2026-05-27T23:48:33.327779",
  "duration_ms": 0,
  "data": {
    "DASH": 24.0,
    "MU": 73.60000000000001,
    "NVDA": 44.0,
    "AMD": 61.6
  }
}