{
  "execution_id": "buy_20260605_132417",
  "step": 8,
  "completed_at": "2026-06-05T13:32:47.696051",
  "duration_ms": 0,
  "data": {
    "MRVL": 2603.6405843771117,
    "MU": 14634.891193547714
  }
}