{
  "execution_id": "buy_20260605_132417",
  "step": 4,
  "completed_at": "2026-06-05T13:24:52.875562",
  "duration_ms": 6046,
  "data": {
    "MRVL": 85.80000000000001,
    "MU": 72.0
  }
}