{
  "execution_id": "buy_20260603_165457",
  "step": 8,
  "completed_at": "2026-06-03T17:11:11.844298",
  "duration_ms": 15,
  "data": {
    "CTRA": 284.1868195642415,
    "MRVL": 1620.618153544008,
    "AMD": 2325.2395357460878,
    "DGII": 220.81046506031447,
    "VICR": 499.999582864554,
    "ALAB": 1203.0972005380481,
    "CRDO": 249.09631707926235,
    "GOOGL": 800.0877013101683
  }
}