{
  "execution_id": "buy_MRVL_MU_20260606_190339",
  "step": 8,
  "completed_at": "2026-06-06T19:04:22.536024",
  "duration_ms": 0,
  "data": {
    "MRVL": 4726.274671419346,
    "MU": 12924.745821610442
  }
}